[
  {
    "id": 1,
    "wallet_id": 1,
    "address": "8d3733ff04e64ebb867d53eb913d3f6a",
    "private_key": "mockb76e77cb4ec305c88b94d4c58aa332ae38e26f44c6ddfb904f0c8714af30",
    "name": "Datagen address 1",
    "password_hash": "",
    "created_date": "2013-10-07 08:23:19.120",
    "is_active": 0,
    "balance": 14.5999
  },
  {
    "id": 2,
    "wallet_id": 2,
    "address": "2304cef1fec744e0aca8d83c69907edc",
    "private_key": "mockb76e77cb4ec305c88b94d4c58aa332ae38e26f44c6ddfb904f0c8714af31",
    "name": "Minga address 1",
    "password_hash": "",
    "created_date": "2013-10-07 08:23:19.120",
    "is_active": 1,
    "balance": 12.5001
  },
  {
    "id": 3,
    "wallet_id": 2,
    "address": "37289c6fd53246f5abccd52f496495c8",
    "private_key": "mockb76e77cb4ec305c88b94d4c58aa332ae38e26f44c6ddfb904f0c8714af32",
    "name": "Minga address 2",
    "password_hash": "",
    "created_date": "2013-10-07 08:23:19.120",
    "is_active": 0,
    "balance": 4.0001,
    "parent_id": 2
  },
  {
    "id": 4,
    "wallet_id": 3,
    "address": "148a05996ffc4b83a76c417a63da63bd",
    "private_key": "mockb76e77cb4ec305c88b94d4c58aa332ae38e26f44c6ddfb904f0c8714af33",
    "name": "Futurize address 1",
    "password_hash": "",
    "created_date": "2013-10-07 08:23:19.120",
    "is_active": 0,
    "balance": 9.8269
  },
  {
    "id": 5,
    "wallet_id": 3,
    "address": "d7d924479168442c9a4e1681a9da45d4",
    "private_key": "mockb76e77cb4ec305c88b94d4c58aa332ae38e26f44c6ddfb904f0c8714af34",
    "name": "Futurize address 2",
    "password_hash": "",
    "created_date": "2013-10-07 08:23:19.120",
    "is_active": 1,
    "balance": 0.463,
    "parent_id": 4
  },
  {
    "id": 6,
    "wallet_id": 3,
    "address": "7fead25e97554f088087daab9c71d425",
    "private_key": "mockb76e77cb4ec305c88b94d4c58aa332ae38e26f44c6ddfb904f0c8714af35",
    "name": "Futurize address 3",
    "password_hash": "",
    "created_date": "2013-10-07 08:23:19.120",
    "is_active": 1,
    "balance": 1.8299,
    "parent_id": 5
  },
  {
    "id": 7,
    "wallet_id": 4,
    "address": "2b69c111c0a24d82afa42e7d3525d3f4",
    "private_key": "mockb76e77cb4ec305c88b94d4c58aa332ae38e26f44c6ddfb904f0c8714af36",
    "name": "Kyagoro funds 1",
    "password_hash": "",
    "created_date": "2013-10-07 08:23:19.120",
    "is_active": 1,
    "balance": 17.7448
  },
  {
    "id": 8,
    "wallet_id": 5,
    "address": "d3151aff210f49f8b4bcaf03f9f69d32",
    "private_key": "mockb76e77cb4ec305c88b94d4c58aa332ae38e26f44c6ddfb904f0c8714af37",
    "name": "Xiix funds 1",
    "password_hash": "",
    "created_date": "2013-10-07 08:23:19.120",
    "is_active": 1,
    "balance": 5.465
  }
]