[
  {
    "id": 1,
    "name": "Gabe",
    "description": "",
    "address": "a13297d9456c48e88091e005bc42050d"
  },
  {
    "id": 2,
    "name": "Tyson",
    "description": "",
    "address": "08a93087f78141bdb14c878a6c5ac57e"
  },
  {
    "id": 3,
    "name": "Elva",
    "description": "Aliqua aliqua non occaecat adipisicing cupidatat commodo velit minim officia nulla commodo exercitation ea. Esse ad consequat excepteur cupidatat.",
    "address": "1ee599f6e17f48b6bddf16fdc53b6caa"
  },
  {
    "id": 4,
    "name": "Mandy",
    "description": "",
    "address": "ce3dc31b6d9c403c8e07db28b1ee5cfc"
  },
  {
    "id": 5,
    "name": "Vincent",
    "description": "Laborum aliquip quis voluptate ipsum anim esse mollit. Ad pariatur sit ea in in et fugiat velit do culpa enim.",
    "address": "cff768691db04ebdbe9440a8cd6b86a3"
  },
  {
    "id": 6,
    "name": "Cindy",
    "description": "Fugiat Lorem pariatur nostrud occaecat laboris occaecat officia velit ut id veniam eu. In sit labore anim ad voluptate eiusmod non ex minim commodo voluptate consequat.",
    "address": "b1bb8570820d4807a3c9bbfe2975d31a"
  },
  {
    "id": 7,
    "name": "Vasquez",
    "description": "",
    "address": "e07e0dcc3a5d43f4a33d953b41e6304e"
  },
  {
    "id": 8,
    "name": "Ashley",
    "description": "Aliquip nostrud nulla sit aliquip. Exercitation enim eu sint in consectetur Lorem pariatur eiusmod enim reprehenderit cillum in.",
    "address": "4f65a760ba4c44b9a375108665b278c1"
  },
  {
    "id": 9,
    "name": "Verna",
    "description": "Amet excepteur cupidatat culpa est eu est magna nisi sint deserunt sit incididunt ipsum in. Cillum cupidatat tempor laborum ut aute labore esse ea.",
    "address": "ab37b94094614466a9fe2738f32ef2c2"
  },
  {
    "id": 10,
    "name": "Marie",
    "description": "Et sint elit cillum fugiat duis deserunt occaecat consectetur incididunt nostrud in. Dolore excepteur officia dolore amet in nisi duis cillum consectetur irure ipsum ex.",
    "address": "b55c501ff613471e88688b1d5bfccc3b"
  },
  {
    "id": 11,
    "name": "Angel",
    "description": "Nulla eu duis minim velit consectetur labore cillum. Enim anim in in enim voluptate ad veniam culpa labore exercitation.",
    "address": "48c4ad728b4c4ea693b2acf4b6ec31f3"
  },
  {
    "id": 12,
    "name": "Webb",
    "description": "Tempor adipisicing ex excepteur do enim ipsum aliqua. Laborum pariatur et velit et tempor cillum anim deserunt.",
    "address": "5fca95e97027445fb0ddf96c6e46ed9e"
  },
  {
    "id": 13,
    "name": "Margie",
    "description": "Minim cillum et eiusmod laboris pariatur laborum culpa mollit quis anim deserunt pariatur. Excepteur laborum irure consectetur proident anim laborum anim eu anim amet.",
    "address": "3745cbe6634949d3892a79f501e09878"
  },
  {
    "id": 14,
    "name": "Jessica",
    "description": "",
    "address": "71ecedac28064a319d65e30bf21c8645"
  },
  {
    "id": 15,
    "name": "Kline",
    "description": "Amet commodo laboris ea culpa id nulla. Do veniam laboris nostrud mollit magna mollit.",
    "address": "8747edfedf744db58cb95fa8805fd756"
  }
]
