[
  {
    "id": 1,
  "sender_address_id": 1,
  "receiver_address_id": 1,
  "amount": 1.25,
  "fee": 0.001,
  "transaction_id": 1,
  "description": "Payment to Gabe Womble",
  "sender_address": "8d3733ff04e64ebb867d53eb913d3f6a",
  "receiver_address": "a13297d9456c48e88091e005bc42050d",
  "status": 0,
  "created_date": "2019-08-07 08:23:19.120",
  "transaction_type": "send"
  },
  {
    "id": 2,
  "sender_address_id": 2,
  "receiver_address_id": 3,
  "amount": 1.25,
  "fee": 0.001,
  "transaction_id": 2,
  "description": "Moved to savings",
  "sender_address": "2304cef1fec744e0aca8d83c69907edc",
  "receiver_address": "37289c6fd53246f5abccd52f496495c8",
  "status": 0,
  "created_date": "2019-10-20 08:26:19.120",
  "transaction_type": "receive"
  },
  {
    "id": 3,
  "sender_address_id": 3,
  "receiver_address_id": 2,
  "amount": 2.25,
  "fee": 0.001,
  "transaction_id": 3,
  "description": "Payment to Tyson",
  "sender_address": "2304cef1fec744e0aca8d83c69907edc",
  "receiver_address": "08a93087f78141bdb14c878a6c5ac57e",
  "status": 0,
  "created_date": "2019-11-01 08:26:19.120",
  "transaction_type": "send"
  },
  {
    "id": 4,
  "sender_address_id": 1,
  "receiver_address_id": 4,
  "amount": 1.25,
  "fee": 0.001,
  "transaction_id": 4,
  "description": "Payment to Cindy Crawford",
  "sender_address": "8d3733ff04e64ebb867d53eb913d3f6a",
  "receiver_address": "b1bb8570820d4807a3c9bbfe2975d31a",
  "status": 0,
  "created_date": "2019-09-10 08:23:19.120",
  "transaction_type": "send"
  },
  {
    "id": 5,
  "sender_address_id": 1,
  "receiver_address_id": 5,
  "amount": 1.75,
  "fee": 0.001,
  "transaction_id": 5,
  "description": "Payment to John Ham",
  "sender_address": "8d3733ff04e64ebb867d53eb913d3f6a",
  "receiver_address": "ss3b8570820d4807a3c9bbfe2975d45j",
  "status": 0,
  "created_date": "2019-09-12 08:23:19.120",
  "transaction_type": "send"
  },
  {
    "id": 6,
  "sender_address_id": 1,
  "receiver_address_id": 6,
  "amount": 1.75,
  "fee": 0.001,
  "transaction_id": 6,
  "description": "Payment to Peter Teal",
  "sender_address": "8d3733ff04e64ebb867d53eb913d3f6a",
  "receiver_address": "12kb8570820d4807a3c9bbfe2975d6g6",
  "status": 0,
  "created_date": "2019-09-17 08:23:19.120",
  "transaction_type": "send"
  },
  {
    "id": 7,
  "sender_address_id": 1,
  "receiver_address_id": 6,
  "amount": 1.25,
  "fee": 0.001,
  "transaction_id": 7,
  "description": "Payment to Wendy Kim",
  "sender_address": "8d3733ff04e64ebb867d53eb913d3f6a",
  "receiver_address": "99db8570820d4807a3c9bbfe2975dgjk",
  "status": 0,
  "created_date": "2019-10-01 08:23:19.120",
  "transaction_type": "send"
  },
  {
    "id": 8,
  "sender_address_id": 1,
  "receiver_address_id": 7,
  "amount": 6.25,
  "fee": 0.001,
  "transaction_id": 8,
  "description": "Moved Funds",
  "sender_address": "12kb8570820d4807a3c9bbfe2975d6g6",
  "receiver_address": "8d3733ff04e64ebb867d53eb913d3f6a",
  "status": 0,
  "created_date": "2019-10-03 08:23:19.120",
  "transaction_type": "receive"
  }
]